Model,Accuracy,Test Error,F1 Score
Logistic Regression,0.6318084496394697,0.3681915503605303,0.5907990314769976
Decision Trees,0.5078414947834416,0.49215850521655835,0.5944503735325506
Random Forest Classifier,0.6406987657722011,0.3593012342277989,0.5927867666998102
