,danceability,energy,key,loudness,mode,speechiness,acousticness,instrumentalness,liveness,valence,tempo,time_signature,duration_ms
count,530.0,530.0,530.0,530.0,530.0,530.0,530.0,530.0,530.0,530.0,530.0,530.0,530.0
mean,0.5852849056603775,0.5746094339622643,4.571698113207547,-7.505433962264149,0.9132075471698113,0.05588867924528301,0.31924672452830155,0.004005462415094342,0.1634918867924527,0.397379056603773,122.33231132075473,3.9773584905660377,239978.62452830188
std,0.11312124398088601,0.1915649911820005,3.1872191218989476,2.939040280386243,0.281796649958459,0.07029958861140538,0.32704338708319186,0.03316332173802321,0.14226264173920905,0.1995885478336106,30.000272376319675,0.2670581235871677,46119.98303103699
min,0.243,0.118,0.0,-17.932,0.0,0.0231,0.000184,0.0,0.0357,0.0374,68.097,1.0,83253.0
25%,0.516,0.443,2.0,-9.222,1.0,0.030325,0.036250000000000004,0.0,0.0966,0.23,96.93950000000001,4.0,211813.0
50%,0.5954999999999999,0.5894999999999999,5.0,-7.0120000000000005,1.0,0.0373,0.165,2.02e-06,0.115,0.3855,119.03,4.0,235273.0
75%,0.653,0.72975,7.0,-5.36175,1.0,0.055225,0.653,5.5874999999999996e-05,0.163,0.535,143.93425000000002,4.0,260361.0
max,0.897,0.95,11.0,-1.909,1.0,0.912,0.971,0.488,0.931,0.943,208.918,5.0,613026.0
